id,focus,signal,slack,drag,confidence,score,lane,kind,invariant
g001,feature drift,37,72,5,102,434,ship,baseline,monotonic-signal
g002,window width,84,45,7,27,361,ship,edge,drag-penalty
g003,metric stability,67,69,10,105,499,ship,recovery,confidence-floor
g004,explainability,62,48,34,80,272,ship,negative,lane-boundary
g005,feature drift,107,75,26,29,399,ship,baseline,monotonic-signal
g006,window width,45,21,24,94,245,ship,edge,drag-penalty
g007,metric stability,62,67,24,45,290,ship,recovery,confidence-floor
g008,explainability,30,57,5,25,229,ship,negative,lane-boundary
g009,feature drift,105,20,18,20,305,ship,baseline,monotonic-signal
g010,window width,58,74,26,22,236,ship,edge,drag-penalty
g011,metric stability,38,68,31,27,149,watch,recovery,confidence-floor
g012,explainability,76,68,14,34,362,ship,negative,lane-boundary
g013,feature drift,54,70,33,42,221,ship,baseline,monotonic-signal
g014,window width,91,39,18,94,449,ship,edge,drag-penalty
g015,metric stability,69,26,33,38,170,ship,recovery,confidence-floor
g016,explainability,105,22,42,101,351,ship,negative,lane-boundary
g017,feature drift,39,57,27,51,198,ship,baseline,monotonic-signal
g018,window width,53,42,21,73,284,ship,edge,drag-penalty
g019,metric stability,64,37,20,89,344,ship,recovery,confidence-floor
g020,explainability,73,37,42,101,285,ship,negative,lane-boundary
g021,feature drift,81,40,33,26,210,ship,baseline,monotonic-signal
g022,window width,88,44,30,104,410,ship,edge,drag-penalty
g023,metric stability,51,48,30,79,257,ship,recovery,confidence-floor
g024,explainability,80,53,32,28,242,ship,negative,lane-boundary
g025,feature drift,98,37,34,93,384,ship,baseline,monotonic-signal
g026,window width,111,52,37,44,340,ship,edge,drag-penalty
g027,metric stability,77,27,19,24,238,ship,recovery,confidence-floor
g028,explainability,63,52,11,105,448,ship,negative,lane-boundary
g029,feature drift,104,67,9,21,443,ship,baseline,monotonic-signal
g030,window width,84,77,9,26,413,ship,edge,drag-penalty
g031,metric stability,77,50,32,33,237,ship,recovery,confidence-floor
g032,explainability,78,74,45,41,239,ship,negative,lane-boundary
g033,feature drift,37,53,11,93,348,ship,baseline,monotonic-signal
g034,window width,108,10,16,37,338,ship,edge,drag-penalty
g035,metric stability,103,26,41,100,356,ship,recovery,confidence-floor
g036,explainability,60,72,18,50,334,ship,negative,lane-boundary
g037,feature drift,86,62,45,72,301,ship,baseline,monotonic-signal
g038,window width,103,25,18,88,445,ship,edge,drag-penalty
g039,metric stability,71,9,27,100,296,ship,recovery,confidence-floor
g040,explainability,58,73,12,25,310,ship,negative,lane-boundary
g041,feature drift,99,73,6,103,619,ship,baseline,monotonic-signal
g042,window width,79,75,5,78,518,ship,edge,drag-penalty
g043,metric stability,117,44,27,27,358,ship,recovery,confidence-floor
g044,explainability,95,31,18,92,441,ship,negative,lane-boundary
g045,feature drift,44,27,15,43,197,ship,baseline,monotonic-signal
g046,window width,110,62,15,23,425,ship,edge,drag-penalty
g047,metric stability,58,47,17,104,391,ship,recovery,confidence-floor
g048,explainability,80,42,19,20,269,ship,negative,lane-boundary
g049,feature drift,94,42,22,25,306,ship,baseline,monotonic-signal
g050,window width,105,45,4,32,449,ship,edge,drag-penalty
g051,metric stability,114,49,38,40,330,ship,recovery,confidence-floor
g052,explainability,34,53,36,92,212,ship,negative,lane-boundary
g053,feature drift,41,58,36,36,131,watch,baseline,monotonic-signal
g054,window width,92,42,17,99,473,ship,edge,drag-penalty
g055,metric stability,33,57,30,49,161,watch,recovery,confidence-floor
g056,explainability,51,32,38,71,169,ship,negative,lane-boundary
g057,feature drift,64,57,43,87,265,ship,baseline,monotonic-signal
g058,window width,30,72,26,99,302,ship,edge,drag-penalty
g059,metric stability,104,12,45,24,159,watch,recovery,confidence-floor
g060,explainability,57,55,30,102,335,ship,negative,lane-boundary
g061,feature drift,37,9,45,77,58,hold,baseline,monotonic-signal
g062,window width,30,58,12,26,198,ship,edge,drag-penalty
g063,metric stability,31,15,39,91,110,hold,recovery,confidence-floor
g064,explainability,78,31,33,42,215,ship,negative,lane-boundary
g065,feature drift,61,77,32,22,221,ship,baseline,monotonic-signal
g066,window width,56,67,12,103,448,ship,edge,drag-penalty
g067,metric stability,101,30,45,105,348,ship,recovery,confidence-floor
g068,explainability,39,14,42,24,-17,hold,negative,lane-boundary
g069,feature drift,56,8,42,31,36,hold,baseline,monotonic-signal
g070,window width,112,8,44,39,210,ship,edge,drag-penalty
g071,metric stability,99,10,4,91,479,ship,recovery,confidence-floor
g072,explainability,52,49,7,35,289,ship,negative,lane-boundary
g073,feature drift,32,36,31,98,209,ship,baseline,monotonic-signal
g074,window width,70,32,23,48,255,ship,edge,drag-penalty
g075,metric stability,48,67,21,70,313,ship,recovery,confidence-floor
g076,explainability,85,52,21,86,426,ship,negative,lane-boundary
g077,feature drift,63,47,44,98,259,ship,baseline,monotonic-signal
g078,window width,99,47,15,23,362,ship,edge,drag-penalty
g079,metric stability,33,50,23,101,286,ship,recovery,confidence-floor
g080,explainability,47,54,28,76,261,ship,negative,lane-boundary
g081,feature drift,58,58,11,25,285,ship,baseline,monotonic-signal
g082,window width,67,63,30,90,357,ship,edge,drag-penalty
g083,metric stability,75,47,15,41,326,ship,recovery,confidence-floor
g084,explainability,82,62,30,21,262,ship,negative,lane-boundary
g085,feature drift,45,37,39,102,218,ship,baseline,monotonic-signal
g086,window width,74,62,24,104,434,ship,edge,drag-penalty
g087,metric stability,92,77,18,23,386,ship,recovery,confidence-floor
g088,explainability,105,17,17,30,324,ship,negative,lane-boundary
g089,feature drift,71,60,39,38,214,ship,baseline,monotonic-signal
g090,window width,57,14,30,90,229,ship,edge,drag-penalty
g091,metric stability,98,63,27,34,353,ship,recovery,confidence-floor
g092,explainability,78,20,27,97,333,ship,negative,lane-boundary
g093,feature drift,71,36,29,47,234,ship,baseline,monotonic-signal
g094,window width,72,12,31,69,223,ship,edge,drag-penalty
g095,metric stability,31,72,34,85,237,ship,recovery,confidence-floor
g096,explainability,102,35,16,97,490,ship,negative,lane-boundary
